{
    "rmse": 0.7140189793868518,
    "mae": 0.5601587406917045,
    "r2": 0.2770966025226861
}