{
    "rmse": 0.6627284662127618,
    "mae": 0.5207412919122362,
    "r2": 0.21068568039676994
}